avg_quality,base_count
36.69912121063073,121986
30.203736494351812,121986
